,Time,Amount,Class,V4,V9
V9,0.16886808488058203,0.005552484939856948,-0.5440881851072564,-0.7799139814251569,1.0
Time,1.0,-0.008751415850871552,-0.1998727386610655,-0.25270176703762703,0.16886808488058203
Amount,-0.008751415850871552,1.0,0.04736946033575373,-0.009900145747692811,0.005552484939856948
V4,-0.25270176703762703,-0.009900145747692811,0.7116675421693263,1.0,-0.7799139814251569
Class,-0.1998727386610655,0.04736946033575373,1.0,0.7116675421693263,-0.5440881851072564
